Ensembl,Chromosome,TF_Start,TF_End,TF_Name
ENSG00000139160,12,31756358,31756648,MEF2A
ENSG00000182544,12,53612980,53613476,NR2F1
ENSG00000118162,19,47949338,47949608,EGR1
ENSG00000127399,7,150063233,150063570,RELB
ENSG00000127884,10,135192174,135192534,BACH1
ENSG00000118965,2,20079016,20079332,EBF1
ENSG00000162300,11,64885064,64885528,HDGF
ENSG00000258818,14,21149553,21150133,NFIC
ENSG00000214274,14,21149602,21149978,STAT3
ENSG00000165782,14,20957726,20958150,PKNOX1
ENSG00000167695,17,643642,644238,NFIC
ENSG00000174748,3,23975712,23976222,ATF7
ENSG00000213420,7,99793691,99794211,GATAD2B
ENSG00000197965,1,167682477,167683053,MEF2B
ENSG00000232706,10,52419801,52420201,BHLHE40
ENSG00000115159,2,157383749,157384265,CEBPB
ENSG00000134014,8,27975973,27976237,EBF1
ENSG00000134882,13,100018250,100018620,EP300
ENSG00000151474,10,14051492,14051836,YY1
ENSG00000129460,14,24025243,24025763,ATF2
ENSG00000166912,15,31323924,31324268,YY1
ENSG00000212864,9,140100064,140100400,ZBTB33
ENSG00000073584,17,38755477,38756041,IKZF1
ENSG00000073584,17,38755384,38755740,EP300
ENSG00000160271,9,136023004,136023604,RELB
ENSG00000178764,8,123859616,123860252,IKZF1
ENSG00000227124,3,75834492,75834748,TCF12
ENSG00000127511,19,17007840,17008143,RUNX3
ENSG00000127511,19,17008033,17008349,IRF5
ENSG00000185761,19,1542607,1542927,SP1
ENSG00000213859,17,7233716,7233943,NR2F1
ENSG00000108510,17,60170895,60171305,TBL1XR1
ENSG00000246705,12,14927496,14928080,ASH2L
ENSG00000198851,11,118161650,118162050,BHLHE40
ENSG00000060982,12,25113146,25113570,ZNF143
ENSG00000173581,19,56143080,56143270,RAD21
ENSG00000125995,20,34329223,34329653,BCLAF1
ENSG00000178623,2,241525605,241525925,IRF4
ENSG00000134899,13,103500007,103500503,NR2F1
ENSG00000182827,1,226369654,226370118,HDGF
ENSG00000106688,9,4559385,4559975,IKZF1
ENSG00000166471,11,9335825,9336795,CREB1
ENSG00000205045,17,33775361,33775857,NR2F1
ENSG00000170873,8,125551207,125551571,ELK1
ENSG00000143119,1,111418174,111418430,TCF12
ENSG00000187990,6,26233785,26234265,EED
ENSG00000197459,6,26233756,26234286,NFATC3
ENSG00000171163,1,249167871,249168281,TBL1XR1
ENSG00000205930,21,34304623,34304983,CREM
ENSG00000159899,9,35842749,35843169,ETV6
ENSG00000064102,12,27027266,27027951,CREB1
ENSG00000139190,12,6580126,6580606,EED
ENSG00000148719,10,74124160,74124496,TAF1
ENSG00000104960,19,50391121,50391597,ARNT
ENSG00000161558,19,48866294,48866647,HCFC1
ENSG00000097021,1,6474304,6474714,RB1
ENSG00000077420,10,26746107,26746651,IKZF2
ENSG00000167962,16,2070193,2070693,HDAC6
ENSG00000182040,17,72956760,72957196,MXI1
ENSG00000179918,16,30482414,30482898,SMAD5
ENSG00000099957,22,21336469,21336654,SIX5
ENSG00000161149,22,21336227,21336579,PML
ENSG00000034152,17,21183328,21183764,MXI1
ENSG00000115363,2,75658641,75659051,PAX8
ENSG00000106105,7,30633997,30634307,E2F4
ENSG00000175376,11,65770299,65770699,WRNIP1
ENSG00000158683,7,48008600,48008708,RUNX3
ENSG00000026508,11,35187427,35188051,MTA3
ENSG00000115956,2,68638412,68639096,PML
ENSG00000204514,19,58323640,58323938,RUNX3
ENSG00000179958,16,30393571,30394161,IKZF1
ENSG00000179965,16,30393705,30393908,RELB
ENSG00000107819,10,102754054,102754644,IKZF1
ENSG00000105552,19,49315548,49315788,EGR1
ENSG00000100918,14,24641463,24642053,IKZF2
ENSG00000179818,2,70336041,70336465,ZNF143
ENSG00000228889,13,99852838,99853094,TCF12
ENSG00000228889,13,99852455,99853031,MLLT1
ENSG00000171132,2,45877447,45877871,MXI1
ENSG00000069493,12,9860092,9860576,CBFB
ENSG00000136653,1,206680926,206681386,ZNF217
ENSG00000163634,3,63848941,63849365,MXI1
ENSG00000170542,6,2862940,2863270,ZNF24
ENSG00000181652,7,150754944,150755449,ELF1
ENSG00000164867,7,150754939,150755368,SIX5
ENSG00000181652,7,150755105,150755369,PAX5
ENSG00000197150,7,150755115,150755505,TBP
ENSG00000143669,1,236031184,236031826,MTA2
ENSG00000170345,14,75760599,75761109,SIN3A
ENSG00000138795,4,109094458,109094674,TCF7
ENSG00000163486,1,206670670,206670960,MEF2A
ENSG00000197889,10,14993820,14994090,BCL11A
ENSG00000156831,8,126352258,126352718,CBX5
ENSG00000144724,3,61546274,61546705,IKZF1
ENSG00000171812,1,36554162,36554662,ZBED1
ENSG00000116922,1,38158008,38158398,TBP
ENSG00000103024,16,1832212,1832712,HDAC6
ENSG00000087076,19,49339002,49339318,ZEB1
ENSG00000087076,19,49339078,49339223,CTCF
ENSG00000130489,22,51001234,51001644,ZNF207
ENSG00000217442,22,51001240,51001427,CTCF
ENSG00000162032,16,1831702,1831978,SPI1
ENSG00000232871,19,49140776,49141066,IRF3
ENSG00000217442,22,51001258,51001393,CTCF
ENSG00000117395,1,43686983,43687473,SKIL
ENSG00000181741,20,33104679,33105089,STAT3
ENSG00000154217,17,65386661,65387241,DPF2
ENSG00000048462,16,12070289,12070699,ZNF207
ENSG00000168795,9,37398960,37399540,NFIC
ENSG00000197889,10,15001699,15002063,STAT1
ENSG00000177600,11,809466,810050,ASH2L
ENSG00000066336,11,47378303,47378542,NFATC1
ENSG00000184640,17,75315257,75315817,MTA2
ENSG00000111962,6,149079084,149079444,CREM
ENSG00000116017,19,984328,984738,CHD1
ENSG00000169598,1,3816897,3817550,NR2C1
ENSG00000147526,8,38627360,38627690,IRF4
ENSG00000125503,19,55629000,55629288,ZBTB40
ENSG00000125503,19,55629100,55629327,YY1
ENSG00000073150,22,50629512,50630022,SIN3A
ENSG00000111348,12,15112067,15112451,BHLHE40
ENSG00000168026,3,39148997,39149253,SRF
ENSG00000213793,19,53426740,53426910,EGR1
ENSG00000118939,13,76123667,76123830,BHLHE40
ENSG00000154556,4,186638484,186638828,BCL3
ENSG00000178403,4,113444959,113445369,KLF5
ENSG00000187260,7,151047110,151047554,ELF1
ENSG00000163682,4,39448583,39448903,POU2F2
ENSG00000128928,15,40674910,40675446,SIN3A
ENSG00000116062,2,47951679,47952089,RB1
ENSG00000204577,19,54704636,54705080,TRIM22
ENSG00000062582,7,43889842,43890432,IKZF1
ENSG00000197181,8,22224644,22225068,MAX
ENSG00000064787,20,52680564,52681112,IKZF1
ENSG00000243660,10,43904680,43905270,IKZF2
ENSG00000072694,1,161591641,161592201,MTA2
ENSG00000114742,3,39149942,39150506,IKZF1
ENSG00000123473,1,47798980,47799664,PML
ENSG00000127564,16,2977014,2977358,YY1
ENSG00000169689,17,79980575,79980925,ELK1
ENSG00000161921,17,4625058,4625314,TCF12
ENSG00000141456,17,4624790,4625386,NFIC
ENSG00000085741,11,75864394,75864754,EP300
ENSG00000067334,1,94344649,94345033,RELA
ENSG00000142675,1,26496191,26496482,ATF2
ENSG00000230482,2,198126434,198126858,PKNOX1
ENSG00000179344,6,32590525,32590647,SPI1
ENSG00000134343,11,26298489,26298624,RAD21
ENSG00000093009,22,19466628,19467158,NFATC3
ENSG00000239002,12,6646920,6647330,RB1
ENSG00000008018,6,170862008,170862540,YY1
ENSG00000134294,12,46767102,46767582,EED
ENSG00000115368,2,190308913,190309493,DPF2
ENSG00000115368,2,190309027,190309471,ELF1
ENSG00000124370,2,71297814,71298298,SMAD5
ENSG00000184381,22,38576151,38576587,TRIM22
ENSG00000185122,8,145550412,145550752,NR2C1
ENSG00000087076,19,49342054,49342236,SIX5
ENSG00000087074,19,49341903,49342339,MAX
ENSG00000169504,1,25069909,25070499,IKZF1
ENSG00000146856,7,134853627,134854107,TBX21
ENSG00000196559,11,36310830,36311210,CHD2
ENSG00000236804,1,119682831,119683421,IKZF2
ENSG00000109270,4,100768486,100769169,IKZF1
ENSG00000197879,17,1391782,1392098,ZEB1
ENSG00000011275,7,5739594,5739978,RELA
ENSG00000182952,6,26571943,26572273,IRF4
ENSG00000100884,14,24505895,24506385,SKIL
ENSG00000174173,3,101280461,101280871,TBL1XR1
ENSG00000081154,3,101280684,101281120,BMI1
ENSG00000096654,6,27470851,27471487,IKZF1
ENSG00000136280,7,45025638,45025988,ELK1
ENSG00000223891,20,42843744,42844028,ZNF143
ENSG00000186818,19,55128250,55128788,DPF2
ENSG00000186818,19,55128190,55128786,STAT5A
ENSG00000223865,6,33085629,33085949,POU2F2
ENSG00000174130,4,38787648,38787918,SMC3
ENSG00000141391,18,12407677,12407941,EBF1
ENSG00000223452,1,155107858,155108358,ZBED1
ENSG00000128268,22,39837981,39838571,IKZF2
ENSG00000220583,6,34204263,34204587,ZEB1
ENSG00000160691,1,154948038,154948574,SIN3A
ENSG00000162408,1,6614578,6614842,RAD21
ENSG00000180611,3,192634920,192635410,SKIL
ENSG00000149403,11,120796584,120797145,TBX21
ENSG00000174238,17,1459116,1459460,YY1
ENSG00000125656,19,6391945,6392275,ZNF24
ENSG00000137266,6,3439250,3439450,SRF
ENSG00000257950,17,3616032,3616496,TARDBP
ENSG00000101265,20,4795391,4795641,PAX5
ENSG00000089057,20,4794992,4795766,IKZF1
ENSG00000169926,15,31622971,31623371,WRNIP1
ENSG00000167461,19,16221856,16222300,ZNF687
ENSG00000025800,1,32686380,32686630,PAX5
ENSG00000184956,11,995728,995932,EBF1
ENSG00000156256,21,30445160,30445560,WRNIP1
ENSG00000163435,1,201952176,201952696,FOXM1
ENSG00000105371,19,10360668,10361132,TARDBP
ENSG00000183091,2,152627979,152628335,RELB
ENSG00000105559,19,49394845,49395355,ATF7
ENSG00000071626,19,1383131,1384222,IKZF1
ENSG00000141720,17,36907940,36908300,CREM
ENSG00000125731,19,6767943,6768307,STAT1
ENSG00000221866,7,131867744,131868100,BCL3
ENSG00000168872,16,70438403,70438839,TRIM22
ENSG00000168872,16,70438176,70438576,BHLHE40
ENSG00000206549,3,46773350,46773680,BHLHE40
ENSG00000188981,4,3304067,3304447,NFYB
ENSG00000125514,20,61643220,61643484,EBF1
ENSG00000136631,1,150134623,150135247,MTA3
ENSG00000173991,17,37832261,37832851,IKZF2
ENSG00000128563,7,102036576,102037156,DPF2
ENSG00000040933,2,99224906,99225082,RXRA
ENSG00000205704,22,42333085,42333429,BCL3
ENSG00000125743,19,46144743,46145153,KLF5
ENSG00000010818,6,143206408,143207038,STAT5A
ENSG00000187416,7,104535983,104536473,SKIL
ENSG00000008382,19,4369178,4369698,GATAD2B
ENSG00000189366,3,125655062,125655422,CTCF
ENSG00000143110,1,112049879,112050315,MXI1
ENSG00000169118,15,64436961,64437345,RELA
ENSG00000154864,18,10953502,10954186,PML
ENSG00000147654,8,110537259,110537631,NFIC
ENSG00000134882,13,100074093,100074288,JUNB
ENSG00000224727,1,243419210,243419494,ELF1
ENSG00000122140,9,138371925,138372445,GATAD2B
ENSG00000133943,14,91580578,91581214,IKZF1
ENSG00000182957,13,24580186,24580398,MEF2B
ENSG00000181039,1,145507380,145507956,MEF2B
ENSG00000206503,6,29932574,29933004,BCLAF1
ENSG00000227766,6,29932583,29933103,GATAD2B
ENSG00000241106,6,32811608,32812038,BCLAF1
ENSG00000132254,11,6502320,6502816,NR2F1
ENSG00000132254,11,6502491,6502927,MXI1
ENSG00000116791,1,75197743,75197999,TCF12
ENSG00000183617,19,3763080,3763420,NR2C1
ENSG00000100266,22,43327456,43327812,EP300
ENSG00000223865,6,32999956,33000486,NFATC3
ENSG00000121966,2,136889857,136890281,MXI1
ENSG00000008869,2,37317165,37317661,NR2F1
ENSG00000099849,11,535732,536259,IKZF1
ENSG00000175643,16,11421412,11421836,MAZ
ENSG00000120616,10,32606901,32607311,STAT3
ENSG00000060982,12,25101364,25101848,CBFB
ENSG00000141485,17,6569349,6569633,ZNF143
ENSG00000247095,11,575422,575686,ZBTB33
ENSG00000104938,19,7804271,7804535,EBF1
ENSG00000118454,1,70820318,70820942,MTA3
ENSG00000229391,6,32571753,32571878,SPI1
ENSG00000100226,22,39101238,39101718,TBX21
ENSG00000175711,17,81030038,81030402,RUNX3
ENSG00000150990,12,125395071,125395447,CUX1
ENSG00000113273,5,78281423,78281767,YY1
ENSG00000163882,3,184079523,184080159,IKZF1
ENSG00000174903,11,66035149,66035304,ZBTB33
ENSG00000175115,11,66035004,66035428,MAZ
ENSG00000204256,6,32967784,32968228,TRIM22
ENSG00000178233,6,44214416,44215108,ATF7
ENSG00000096384,6,44214087,44214583,NR2F1
ENSG00000172819,12,53645777,53646141,E4F1
ENSG00000186132,2,120118044,120118468,PKNOX1
ENSG00000084676,2,24943245,24943655,KLF5
ENSG00000107796,10,90661606,90662056,RCOR1
ENSG00000120093,17,46699550,46699930,SRF
ENSG00000148288,9,136019781,136020041,ETS1
ENSG00000140943,16,84150166,84150536,IKZF1
ENSG00000160179,21,43640081,43640591,SIN3A
ENSG00000141579,17,80821839,80822403,IKZF1
ENSG00000198417,16,56664104,56664684,DPF2
ENSG00000105699,19,35739798,35740274,ARNT
ENSG00000015133,14,91840010,91840279,BHLHE40
ENSG00000203705,1,212964885,212965465,DPF2
ENSG00000231793,11,67418163,67418427,EBF1
ENSG00000198563,6,31509871,31510166,TBX21
ENSG00000196456,7,150132785,150133121,ZBTB33
ENSG00000064763,12,29317636,29318212,MEF2B
ENSG00000064763,12,29317897,29318027,ATF2
ENSG00000064763,12,29317779,29318060,NFATC3
ENSG00000136450,17,56065898,56066362,TARDBP
ENSG00000183049,10,12447024,12447326,IKZF1
ENSG00000131242,17,29830443,29830759,EBF1
ENSG00000125912,19,3179993,3180429,MAZ
ENSG00000024048,6,42686738,42687014,SPI1
ENSG00000109787,4,38732427,38732607,CREM
ENSG00000171634,17,65820168,65820628,ZNF217
ENSG00000162368,1,47800134,47800464,BHLHE40
ENSG00000248098,19,41857372,41857702,BHLHE40
ENSG00000058272,12,80329130,80329640,SIN3A
ENSG00000149577,11,117096909,117097373,HDGF
ENSG00000057468,1,76251906,76252176,SMC3
ENSG00000170006,4,153558453,153558783,BHLHE40
ENSG00000113522,5,131994424,131994618,BHLHE40
ENSG00000134996,9,77702543,77702953,RB1
ENSG00000204536,6,31125758,31126128,RUNX3
ENSG00000048462,16,12058797,12059377,DPF2
ENSG00000103168,16,84224466,84224858,PKNOX1
ENSG00000148384,9,139304826,139305250,MXI1
ENSG00000148384,9,139304994,139305229,TAF1
ENSG00000023191,11,536933,537523,IKZF2
ENSG00000247095,11,537043,537507,HDGF
ENSG00000041357,15,78857680,78858116,MAX
ENSG00000185651,22,21983543,21983903,CREM
ENSG00000224796,6,33039338,33039762,MXI1
ENSG00000223865,6,33039361,33039797,CHD1
ENSG00000125347,5,131826775,131827355,DPF2
ENSG00000099341,19,38893644,38893974,IRF4
ENSG00000075568,2,98629132,98629496,STAT1
ENSG00000110944,12,56753630,56754130,ZBED1
ENSG00000257727,12,56727499,56727783,JUND
ENSG00000179344,6,32595585,32595861,USF2
ENSG00000005381,17,56405658,56406068,KLF5
ENSG00000166888,12,57472530,57472806,CEBPZ
ENSG00000196126,6,32590728,32591138,ATF2
ENSG00000135506,12,58087652,58087972,E2F4
ENSG00000178952,16,28835686,28836010,ZEB1
ENSG00000204577,19,54693998,54694382,E2F8
ENSG00000170892,19,54693980,54694404,MXI1
ENSG00000006744,17,12921674,12922038,STAT1
ENSG00000255006,11,120484675,120484776,ZNF24
ENSG00000105889,7,22465012,22465356,YY1
ENSG00000166292,17,53828481,53828821,NR2C1
ENSG00000128833,15,52516384,52516928,IKZF2
ENSG00000164985,9,15529886,15530238,ATF2
ENSG00000138311,10,64343914,64344458,IKZF2
ENSG00000183751,16,2014662,2015026,E4F1
ENSG00000127554,16,2014689,2014985,BRCA1
ENSG00000183751,16,2014605,2014957,TAF1
ENSG00000183971,16,2014768,2014957,TBP
ENSG00000255198,16,2014596,2014980,SMAD1
ENSG00000183971,16,2014873,2015243,RUNX3
ENSG00000171150,2,46926495,46926779,ZSCAN29
ENSG00000182578,5,149501744,149502088,YY1
ENSG00000175115,11,65990180,65990500,POU2F2
ENSG00000174903,11,65990142,65990542,WRNIP1
ENSG00000175115,11,65990083,65990503,BCLAF1
ENSG00000172728,8,33278627,33278897,SMC3
ENSG00000105321,19,47747407,47747831,MAZ
ENSG00000206527,3,123303485,123304656,CREB1
ENSG00000177807,1,160070811,160071191,CHD2
ENSG00000147408,8,19495325,19495705,NFYB
ENSG00000176700,15,85174451,85174861,ZNF207
ENSG00000198513,14,51086222,51086658,MAZ
ENSG00000171310,12,104976497,104976941,ELF1
ENSG00000196226,6,26033596,26034032,TRIM22
ENSG00000124529,6,26033562,26034082,ZBTB40
ENSG00000233231,6,166755835,166756259,MXI1
ENSG00000167895,17,76170339,76170835,NR2F1
ENSG00000118197,1,200594445,200594844,NFIC
ENSG00000186765,17,79485718,79485978,TCF12
ENSG00000181027,19,47231955,47232451,NR2F1
ENSG00000141985,19,4402318,4402488,FOS
ENSG00000167671,19,4402220,4402700,TBX21
ENSG00000141510,17,7588323,7588843,ZBTB40
ENSG00000232953,3,19988283,19988603,E2F4
ENSG00000141068,17,25783258,25783682,MXI1
ENSG00000144837,3,119278412,119278658,SMARCA5
ENSG00000169435,4,74528323,74528733,RB1
ENSG00000137310,6,31164607,31165231,MTA3
ENSG00000163918,3,186508072,186508599,NFATC1
ENSG00000140987,16,3451005,3451489,SMAD5
ENSG00000154864,18,11033468,11033988,ATF2
ENSG00000113739,5,172710935,172711083,RAD21
ENSG00000172366,16,686532,687108,MLLT1
ENSG00000235568,22,42835969,42836353,E2F8
ENSG00000168297,3,58318488,58318698,ZNF217
ENSG00000159216,21,36180634,36181034,BHLHE40
ENSG00000120093,17,46588322,46588772,RCOR1
ENSG00000179583,16,10975253,10975623,EP300
ENSG00000163006,2,109402768,109403352,ASH2L
ENSG00000124356,2,74007045,74007425,TBP
ENSG00000163002,2,183990517,183991107,IKZF2
ENSG00000103197,16,2058808,2059398,IKZF1
ENSG00000081721,1,161713825,161714401,MEF2B
ENSG00000132185,1,161713736,161714244,IKZF2
ENSG00000169508,13,99974788,99975424,IKZF1
ENSG00000084073,1,40780945,40781369,MAZ
ENSG00000167766,19,53238069,53238473,GABPA
ENSG00000117133,1,84945089,84945725,IKZF1
ENSG00000119729,2,46770830,46771406,MEF2B
ENSG00000119729,2,46770741,46771331,IKZF1
ENSG00000232460,11,121238160,121238550,TBL1XR1
ENSG00000141076,16,69220459,69220727,NBN
ENSG00000167083,17,47269264,47269780,HDAC2
ENSG00000171791,18,60806186,60806442,TCF12
ENSG00000155366,1,113217271,113217483,MTA3
ENSG00000039650,19,50400949,50401253,TCF3
ENSG00000104946,19,50401028,50401378,EP300
ENSG00000077782,8,38243831,38244115,IRF3
ENSG00000066827,8,135583722,135584232,ATF7
ENSG00000258890,17,62502127,62502537,CHD1
ENSG00000108654,17,62502381,62502488,SP1
ENSG00000072803,5,171411899,171412489,IKZF2
ENSG00000180573,6,26103956,26104276,E2F4
ENSG00000259803,16,89237865,89238245,NFYB
ENSG00000129910,16,89237865,89238245,NFYB
ENSG00000196141,2,201390305,201390965,MTA3
ENSG00000236824,2,47613836,47613994,RUNX3
ENSG00000196301,6,32415861,32416197,TCF12
ENSG00000112149,6,14094379,14094780,IKZF2
ENSG00000058063,3,182513090,182513534,TRIM22
ENSG00000015133,14,91885239,91885425,CTCF
ENSG00000204520,6,31368430,31368547,TAF1
ENSG00000197914,6,27782428,27783031,ATF7
ENSG00000171631,11,73036104,73036694,IKZF1
ENSG00000183022,2,231448021,231448657,IKZF1
ENSG00000099622,19,1221544,1221828,ZNF143
ENSG00000069424,1,6088163,6088513,EP300
ENSG00000173156,11,66795380,66795641,IKZF1
ENSG00000122877,10,64610441,64610677,BATF
ENSG00000119878,2,46844173,46844477,PAX5
ENSG00000187783,10,45459009,45459473,TARDBP
ENSG00000128274,22,43113202,43113578,WRNIP1
ENSG00000181004,4,123653532,123654108,MEF2B
ENSG00000169758,15,76474159,76474639,EED
ENSG00000100852,14,32672398,32672681,TBP
ENSG00000168918,2,233946924,233947208,ZNF143
ENSG00000139133,12,34175273,34175557,ZSCAN29
ENSG00000159335,12,6875899,6876289,TBL1XR1
ENSG00000102189,12,93305996,93306356,CREM
ENSG00000168291,3,58405933,58406357,PKNOX1
ENSG00000250853,5,54830138,54830562,MAX
ENSG00000067113,5,54830158,54830522,ELF1
ENSG00000165476,10,65278700,65279190,SKIL
ENSG00000072952,11,10663176,10663776,RELB
ENSG00000078140,4,39748482,39748798,EBF1
ENSG00000105641,19,18043334,18043650,ZEB1
ENSG00000184178,4,53899110,53899460,ARID3A
ENSG00000237037,22,42475521,42475985,HDGF
ENSG00000182500,12,122019557,122020061,ATF2
ENSG00000173349,2,128458823,128459247,MXI1
ENSG00000100099,22,26879371,26879835,HDGF
ENSG00000186056,1,31192182,31192335,RAD21
ENSG00000136197,7,42972396,42972772,WRNIP1
ENSG00000100888,14,21944995,21945625,STAT5A
ENSG00000165819,14,21945114,21945464,ELK1
ENSG00000165819,14,21945083,21945499,SMARCA5
ENSG00000165821,14,21945376,21945666,MEF2C
ENSG00000092203,14,21945249,21945745,NR2F1
ENSG00000120071,17,44221435,44221945,ATF7
ENSG00000211445,5,150448353,150448849,NR2F1
ENSG00000152127,2,135082529,135083029,ZBED1
ENSG00000111961,6,148881067,148881351,ZSCAN29
ENSG00000134882,13,99978324,99978660,TCF12
ENSG00000105364,19,10346816,10347226,STAT3
ENSG00000170275,3,33138056,33138927,CREB1
ENSG00000170266,3,33138279,33138980,IKZF1
ENSG00000105193,19,39903196,39903756,MTA2
ENSG00000006712,19,39903039,39903349,E2F4
ENSG00000207110,8,129026604,129027028,MAZ
ENSG00000164463,5,172484007,172484397,TBL1XR1
ENSG00000158545,16,88657987,88658558,IKZF1
ENSG00000007047,19,45668193,45668657,HDGF
ENSG00000143384,1,150584079,150584715,IKZF1
ENSG00000250656,4,68566876,68567246,EP300
ENSG00000118655,1,114472002,114472278,CEBPB
ENSG00000188761,1,114471844,114472254,RB1
ENSG00000111144,12,96429287,96429823,SIN3A
ENSG00000196367,7,98439396,98439740,YY1
ENSG00000162772,1,212759767,212760097,ZNF24
ENSG00000184792,22,31063655,31064235,DPF2
ENSG00000148677,10,92640053,92640517,HDGF
ENSG00000102606,13,111837146,111837380,BCLAF1
ENSG00000088305,20,31380198,31380608,ZNF207
ENSG00000129625,5,112257107,112257427,EBF1
ENSG00000172590,14,23292434,23292794,CREM
ENSG00000126088,1,45477565,45477975,STAT3
ENSG00000108829,17,48474772,48475097,BHLHE40
ENSG00000111716,12,21810176,21810806,STAT5A
ENSG00000224796,6,33081384,33081848,HDGF
ENSG00000218459,6,74290292,74290591,RUNX3
ENSG00000104957,19,13885004,13885634,STAT5A
ENSG00000198911,22,42229364,42229780,SMARCA5
ENSG00000110455,11,44087581,44088181,RELB
ENSG00000110455,11,44087663,44087838,CTCF
ENSG00000198517,7,1609553,1609973,ETV6
ENSG00000198517,7,1609478,1609914,MXI1
ENSG00000163113,1,149982596,149982832,SIX5
ENSG00000104881,19,45907203,45907639,TRIM22
ENSG00000204257,6,32949521,32950005,SMAD5
ENSG00000070961,12,90065864,90066344,EED
ENSG00000186153,16,78795271,78795721,RCOR1
ENSG00000167711,17,1674678,1675268,IKZF1
ENSG00000108523,17,4812292,4812692,BHLHE40
ENSG00000204310,6,32143943,32144407,TARDBP
ENSG00000197170,17,65383161,65383425,RAD21
ENSG00000198121,9,113697941,113698501,MTA2
ENSG00000108599,17,19912363,19912823,ZNF217
ENSG00000042088,14,90422655,90422959,TCF3
ENSG00000241370,6,30312724,30313039,HCFC1
ENSG00000214892,6,31239543,31240007,HDGF
ENSG00000154928,3,134623037,134623622,IKZF2
ENSG00000154928,3,134623139,134623429,MEF2A
ENSG00000113068,5,139721791,139722371,NFIC
ENSG00000213471,15,90777144,90777440,ZFP36
ENSG00000147853,9,4755238,4755818,NFIC
ENSG00000162434,1,65422584,65422954,RUNX3
ENSG00000161526,17,73642083,73642463,CHD2
ENSG00000136643,1,213224357,213224767,TBL1XR1
ENSG00000119906,10,102772581,102773017,MAX
ENSG00000174130,4,38805716,38806096,CHD2
ENSG00000164303,4,185185330,185185814,CBFB
ENSG00000171790,1,41445496,41446080,ASH2L
ENSG00000182324,19,48948925,48949305,SRF
ENSG00000108639,17,76143574,76144258,PML
ENSG00000180596,6,26123121,26123451,MYB
ENSG00000118965,2,20101433,20101969,SIN3A
ENSG00000183891,2,20101413,20101933,ZBTB40
ENSG00000143217,1,161067361,161067645,ZSCAN29
ENSG00000138629,15,74720662,74721246,NBN
ENSG00000104783,19,44262868,44263332,HDGF
ENSG00000127423,1,26146434,26146690,IKZF1
ENSG00000117640,1,26146328,26146664,TAF1
ENSG00000081014,15,51199025,51199605,DPF2
ENSG00000197635,2,162930584,162930914,ZNF24
ENSG00000165512,10,45459601,45460045,ZNF687
ENSG00000234127,6,30117547,30118143,NFIC
ENSG00000170684,19,45596151,45596595,ZNF687
ENSG00000172262,5,43018412,43018668,TCF12
ENSG00000181803,14,21131259,21131669,TBL1XR1
ENSG00000258818,14,21131311,21131458,SMARCA5
ENSG00000133265,19,55766831,55767261,BCLAF1
ENSG00000189171,1,153606500,153607060,NFATC1
ENSG00000100101,22,38193817,38194407,IKZF1
ENSG00000255508,11,62380028,62380146,RUNX3
ENSG00000146386,6,139349585,139350049,HDGF
ENSG00000075884,2,143886918,143887354,CHD1
ENSG00000136828,9,129946482,129946846,RUNX3
ENSG00000164609,5,159860785,159861375,IKZF1
ENSG00000158321,7,69703242,69703692,RCOR1
ENSG00000197943,16,81844193,81844789,NFIC
ENSG00000124575,6,26234828,26235198,EP300
ENSG00000159674,4,1243457,1243893,CHD1
ENSG00000075856,12,108953537,108953787,CTCF
ENSG00000198356,19,12834208,12834704,NR2F1
ENSG00000100296,22,29999240,29999510,FOS
ENSG00000049759,18,55892482,55892902,ETV6
ENSG00000260828,16,57625031,57625455,JUNB
ENSG00000082074,5,39274905,39275341,MXI1
ENSG00000160224,21,45664915,45665315,BHLHE40
ENSG00000113558,5,133467940,133468649,CREB1
ENSG00000082146,2,202316773,202317037,EBF1
ENSG00000186628,15,83513630,83514266,IKZF1
ENSG00000120837,12,104531346,104531866,GATAD2B
ENSG00000113522,5,131996947,131997407,ZNF217
ENSG00000214188,7,116626712,116627096,RELA
ENSG00000177599,19,11909586,11909802,CTCF
ENSG00000142507,17,4699334,4699644,PML
ENSG00000105810,7,92261382,92261864,NFIC
ENSG00000155085,6,109776988,109777412,MXI1
ENSG00000116604,1,156469398,156469658,TCF12
ENSG00000119906,10,102757383,102757566,USF1
ENSG00000132507,17,7235820,7236184,STAT1
ENSG00000140750,16,25019756,25020126,RUNX3
ENSG00000162066,16,2525229,2525579,ARID3A
ENSG00000080986,18,2636837,2637187,EP300
ENSG00000075420,3,171758237,171758597,BACH1
ENSG00000101307,20,1603146,1603416,BCL11A
ENSG00000141295,17,45887515,45887915,BHLHE40
ENSG00000148773,10,129862922,129863506,NBN
ENSG00000099365,16,31044449,31044809,EP300
ENSG00000117318,1,23866353,23866777,MAX
ENSG00000187017,1,6498190,6498261,RAD21
ENSG00000204287,6,32430427,32430584,IRF4
ENSG00000197536,5,131831439,131831743,PAX5
ENSG00000148634,10,69834799,69835135,TAF1
ENSG00000180900,8,144922995,144923207,DPF2
ENSG00000082213,5,31532423,31532639,CTCF
ENSG00000137513,11,78131806,78132122,ZNF384
ENSG00000168496,11,61584525,61585115,IKZF1
ENSG00000189180,10,38336492,38337082,IKZF1
ENSG00000126581,17,40984960,40985440,TBX21
ENSG00000063180,19,49117745,49118429,PML
ENSG00000008083,6,15267406,15267782,WRNIP1
ENSG00000115194,2,27440248,27440932,PML
ENSG00000127481,1,19536313,19536597,ZSCAN29
ENSG00000255733,12,68616901,68617221,IRF4
ENSG00000100814,14,20811296,20811740,ZNF687
ENSG00000136319,14,20773883,20774283,BHLHE40
ENSG00000116106,2,222437103,222437463,CTCF
ENSG00000075420,3,171850021,171850451,BCLAF1
ENSG00000165972,12,96252488,96253072,NBN
ENSG00000121933,1,112061477,112061941,HDGF
ENSG00000163354,1,154947075,154947396,NBN
ENSG00000147905,9,37126143,37126733,IKZF1
ENSG00000113384,5,32174317,32174653,TAF1
ENSG00000214309,7,99697799,99698063,EBF1
ENSG00000117318,1,23886030,23886320,MEF2A
ENSG00000171700,20,62682137,62682401,EBF1
ENSG00000086065,9,33290230,33290761,IKZF1
ENSG00000135677,12,65073231,65073711,EED
ENSG00000159023,1,29213207,29213649,NBN
ENSG00000134375,1,201924194,201924624,BCLAF1
ENSG00000204574,6,30585782,30586112,ZNF24
ENSG00000072864,16,15744066,15744410,YY1
ENSG00000111912,6,126101275,126101565,MEF2A
ENSG00000156831,8,126346727,126347043,ZNF384
ENSG00000254087,8,56903719,56904095,WRNIP1
ENSG00000203734,6,139139977,139140037,EGR1
ENSG00000009413,6,111580330,111580570,EGR1
ENSG00000186714,11,32814563,32814695,CTCF
ENSG00000253250,8,91982635,91983039,GABPA
ENSG00000197697,6,26196011,26196547,SIN3A
ENSG00000123427,12,58138224,58138508,ZSCAN29
ENSG00000153443,16,4674211,4674541,ZNF24
ENSG00000158796,1,161123435,161124241,CREB1
ENSG00000100503,14,51290692,51290824,BATF
ENSG00000105426,19,5335239,5335535,ZFP36
ENSG00000131378,3,16420065,16420415,ARID3A
ENSG00000197019,19,40931343,40931615,ELF1
ENSG00000064703,1,112276094,112276370,SPI1
ENSG00000099337,19,38810309,38810673,ELF1
ENSG00000204568,6,30614757,30615193,MAZ
ENSG00000236790,2,8549352,8549503,RELA
ENSG00000254453,11,20058838,20059222,RELA
ENSG00000136286,7,45026181,45026576,ATF2
ENSG00000122085,2,242088756,242089292,SIN3A
ENSG00000108375,17,56494620,56495171,IKZF1
ENSG00000137285,6,3209727,3209958,RELA
ENSG00000141994,19,5791170,5791386,PBX3
ENSG00000115020,2,209184191,209184492,RUNX3
ENSG00000027847,5,177019105,177019208,NR2C1
ENSG00000122783,7,134873366,134873690,ZEB1
ENSG00000169857,15,34286247,34286597,CTCF
ENSG00000187997,17,76124397,76124917,GATAD2B
ENSG00000147813,8,144631508,144632028,ATF2
ENSG00000184792,22,31318068,31318504,TRIM22
ENSG00000113141,5,140027286,140027642,BCL3
ENSG00000109943,11,122727412,122727579,BCL11A
ENSG00000170291,17,7142619,7143209,IKZF2
ENSG00000149658,20,61847447,61847827,CHD2
ENSG00000227500,19,1864306,1864456,RELB
ENSG00000113594,5,38453706,38453958,FOXM1
ENSG00000117697,1,212865047,212865637,IKZF1
ENSG00000106392,7,7222314,7222574,ETS1
ENSG00000127362,7,141437924,141438247,YY1
ENSG00000125107,16,58663717,58663977,ETS1
ENSG00000151376,11,86214894,86215130,REST
ENSG00000132199,18,657288,657678,TBP
ENSG00000008869,2,37311528,37312128,RELB
ENSG00000153551,3,32511081,32511491,ZNF207
ENSG00000108963,17,1953018,1953442,MXI1
ENSG00000100292,22,35776939,35777349,TBL1XR1
ENSG00000114796,3,183353973,183354303,ZNF24
ENSG00000198189,4,88343665,88343941,USF2
ENSG00000166886,12,57479964,57480468,ATF2
ENSG00000141298,17,27944098,27944534,MAX
ENSG00000137274,6,3069362,3069662,UBTF
ENSG00000070367,14,57735449,57735873,MAZ
ENSG00000078804,20,33307485,33307775,MEF2A
ENSG00000146085,6,49430899,49431249,ELK1
ENSG00000039987,19,12886374,12886664,ZNF143
ENSG00000101470,20,44420482,44420802,POU2F2
ENSG00000187323,18,50518526,50518742,CTCF
ENSG00000137038,9,7799783,7799898,YY1
ENSG00000095637,10,97190777,97191041,EBF1
ENSG00000082512,1,211499545,211500121,MLLT1
ENSG00000196092,9,37032692,37033122,BCLAF1
ENSG00000204482,6,31535175,31535679,ATF2
ENSG00000100711,14,104181744,104182154,KLF5
ENSG00000005187,16,20753033,20753278,ELF1
ENSG00000168916,5,124040512,124040936,MAX
ENSG00000159915,19,44809166,44809331,ETS1
ENSG00000259746,15,91207230,91207740,ATF7
ENSG00000149428,11,118972662,118973038,WRNIP1
ENSG00000179148,17,8029853,8030269,SMARCA5
ENSG00000071894,8,145597825,145598075,PAX5
ENSG00000105695,19,35838832,35839116,ZNF592
ENSG00000214655,10,75545863,75546012,REST
ENSG00000063176,19,49141574,49141822,RUNX3
ENSG00000248508,15,40356890,40357127,ZNF687
ENSG00000204390,6,31830638,31830968,BHLHE40
ENSG00000116871,1,36615194,36615478,ZNF592
ENSG00000197629,11,58984329,58984428,YY1
ENSG00000135605,4,48129678,48130278,RELB
ENSG00000171217,6,155581857,155582053,EBF1
ENSG00000178982,19,39137529,39137993,HDGF
ENSG00000187609,9,140344586,140344986,BHLHE40
ENSG00000117010,1,40996721,40997321,RELB
ENSG00000112658,6,43111282,43111566,ZNF592
ENSG00000171105,19,7242677,7243061,RUNX3
ENSG00000171953,17,17936731,17937051,EBF1
ENSG00000168734,20,43215013,43215323,PAX5
ENSG00000122176,1,203292941,203293261,EBF1
ENSG00000156127,14,75988891,75989281,TBL1XR1
ENSG00000151474,10,13778004,13778588,NBN
ENSG00000101350,20,30943178,30943668,SKIL
ENSG00000222040,2,96804465,96804901,TRIM22
ENSG00000054118,1,36689944,36690280,TAF1
ENSG00000187323,18,50142314,50142774,ZNF217
ENSG00000139722,12,123383147,123383518,PKNOX1
ENSG00000104689,8,23103922,23104352,BCLAF1
ENSG00000099834,11,629315,629505,RAD21
ENSG00000196966,6,26234003,26234333,MYB
ENSG00000198121,9,113800153,113800573,ETV6
ENSG00000124092,20,56074004,56074114,RAD21
ENSG00000116824,1,117337376,117337812,BMI1
ENSG00000169733,17,80055018,80055382,ELF1
ENSG00000113369,5,90677385,90677821,MXI1
ENSG00000253873,5,140888534,140888967,IKZF1
ENSG00000100101,22,38054462,38054758,NFYA
ENSG00000196205,9,135852982,135853478,NR2F1
ENSG00000198586,2,172017053,172017489,MXI1
ENSG00000250021,15,90441921,90442211,ZNF143
ENSG00000128294,22,26988359,26988809,RCOR1
ENSG00000236165,3,37030522,37030892,RUNX3
ENSG00000112473,6,33168567,33168680,IRF5
ENSG00000068697,2,20251504,20251914,ZNF207
ENSG00000063180,19,49121308,49121818,SIN3A
ENSG00000166747,16,71756675,71757139,HDGF
ENSG00000125657,19,6489516,6490176,MTA3
ENSG00000149591,11,117068684,117068948,PAX5
ENSG00000156256,21,30397145,30397581,MXI1
ENSG00000185236,19,8455529,8455959,STAT1
ENSG00000101194,20,61585305,61585841,SIN3A
ENSG00000180035,16,30457228,30457504,USF2
ENSG00000131746,17,38600010,38600530,GATAD2B
ENSG00000197816,9,100159459,100159863,IKZF2
ENSG00000166035,15,58716459,58716829,RUNX3
ENSG00000128791,18,9354488,9354878,TBL1XR1
ENSG00000127603,1,39874779,39875299,GATAD2B
ENSG00000099219,9,5832772,5833182,ZNF207
ENSG00000149806,11,64902448,64902698,NRF1
ENSG00000087077,7,100485136,100485616,TBX21
ENSG00000235831,3,5054067,5054527,ZNF217
ENSG00000237847,1,17036290,17036620,IRF4
ENSG00000136144,13,50145739,50146055,EBF1
ENSG00000186854,2,85173458,85173609,TARDBP
ENSG00000161714,17,43212683,43212967,ZNF143
ENSG00000179111,17,7994453,7994877,ZNF143
ENSG00000114529,3,111837072,111837336,EBF1
ENSG00000006652,7,112090193,112090629,MAZ
ENSG00000142444,19,11079544,11079616,EBF1
ENSG00000253771,13,25572580,25572960,NFYB
ENSG00000034063,19,4867729,4868209,TBX21
ENSG00000226688,10,97889775,97890259,CBFB
ENSG00000167565,19,40916906,40917170,EBF1
ENSG00000155714,16,21946674,21946938,EBF1
ENSG00000163536,3,167452759,167453383,MTA3
ENSG00000134809,11,57334957,57335227,EGR1
ENSG00000213402,11,67227462,67228046,NBN
ENSG00000135953,2,103353595,103354005,TBL1XR1
ENSG00000135525,6,136871579,136872099,FOXM1
ENSG00000121210,4,154564559,154564909,ARID3A
ENSG00000122565,7,26193071,26193501,BCLAF1
ENSG00000102572,13,99223171,99223487,ZEB1
ENSG00000167874,17,7739815,7740479,NR2F1
ENSG00000173442,11,65307646,65307990,YY1
ENSG00000073417,15,85567781,85568181,WRNIP1
ENSG00000100027,22,22110135,22110695,MTA2
ENSG00000149600,20,31377898,31378168,SMC3
ENSG00000019582,5,149789699,149790043,YY1
ENSG00000166801,11,58910110,58910630,ATF2
ENSG00000197712,4,38858043,38858619,MEF2B
ENSG00000226085,22,40235081,40235665,NBN
ENSG00000121101,17,56756429,56757227,CBFB
ENSG00000164627,6,39346066,39346642,MEF2B
ENSG00000130725,19,59031055,59031359,TCF3
ENSG00000066294,1,160576150,160576290,EED
ENSG00000060642,1,27147225,27147509,ZNF143
ENSG00000222018,21,35734268,35734588,E2F4
ENSG00000101407,20,36661779,36662189,RB1
ENSG00000008735,22,51058911,51059096,TRIM22
ENSG00000107736,10,73596219,73596635,SMARCA5
ENSG00000149781,11,63973116,63973596,EED
ENSG00000196843,2,97175168,97175568,BHLHE40
ENSG00000143493,1,212158928,212159308,CHD2
ENSG00000144218,2,100758926,100759246,EZH2
ENSG00000173581,19,56154731,56155061,IRF4
ENSG00000148700,10,111767035,111767445,RB1
ENSG00000145685,5,78053935,78054359,MXI1
ENSG00000160957,8,145743070,145743406,RFX5
ENSG00000186522,2,110373429,110373645,CTCF
ENSG00000138639,4,86699195,86699479,BCLAF1
ENSG00000188396,1,45285197,45285787,IKZF2
ENSG00000169231,1,155139826,155140110,ZNF143
ENSG00000078369,1,1838892,1839242,EP300
ENSG00000164975,9,15426093,15426529,MXI1
ENSG00000163166,2,128284037,128284524,IKZF2
ENSG00000164949,8,95232676,95233006,IRF4
ENSG00000105983,7,156566769,156566923,RUNX3
ENSG00000181467,3,152879172,152879372,SRF
ENSG00000114786,3,52029745,52030109,E4F1
ENSG00000099968,22,18250231,18250561,BHLHE40
ENSG00000185722,17,4152668,4153012,YY1
ENSG00000204628,5,180688050,180688250,SRF
ENSG00000235169,1,3712965,3713229,EBF1
ENSG00000160688,1,154946949,154947465,HDAC2
ENSG00000006837,5,133706809,133707212,IKZF2
ENSG00000072134,17,19220640,19220830,RAD21
ENSG00000168884,4,2787818,2788454,IKZF1
ENSG00000030419,2,213887693,213888169,ARNT
ENSG00000136156,13,48861060,48861376,EBF1
ENSG00000172426,6,43634951,43635351,BHLHE40
ENSG00000166920,15,45747019,45747549,NFATC3
ENSG00000175224,11,46625410,46625524,BATF
ENSG00000161048,7,102715031,102715455,MXI1
ENSG00000105011,19,14202533,14202957,MAZ
ENSG00000171132,2,45955662,45955982,EZH2
ENSG00000145779,5,118677509,118677999,SKIL
ENSG00000132470,17,73772436,73772846,CHD1
ENSG00000162976,2,11297246,11297646,BHLHE40
ENSG00000155629,10,98480219,98480649,BCLAF1
ENSG00000164323,4,186064337,186064747,ZNF207
ENSG00000214688,10,73453001,73453511,ATF7
ENSG00000169519,11,28290517,28290753,ZBTB40
ENSG00000040933,2,99092549,99093093,IKZF2
ENSG00000139083,12,11911427,11911863,MXI1
ENSG00000197959,1,172398615,172398727,RAD21
ENSG00000182247,3,23561047,23561417,RUNX3
ENSG00000166478,11,9532330,9532680,ARID3A
ENSG00000131183,5,176778476,176779211,CREB1
ENSG00000076924,19,7694162,7694692,NFATC3
ENSG00000038532,16,11075549,11075873,YBX1
ENSG00000234377,13,79177565,79177945,CHD2
ENSG00000182768,15,90808627,90809007,CHD2
ENSG00000185813,17,79828943,79830046,CREB1
ENSG00000189045,5,74944599,74944903,PAX5
ENSG00000166441,11,8704042,8704358,EBF1
ENSG00000141503,17,4835289,4835669,SRF
ENSG00000119888,2,47550214,47550790,MEF2B
ENSG00000135541,6,135644329,135644593,EBF1
ENSG00000232699,6,99638080,99638297,IRF4
ENSG00000139908,14,24701636,24701811,MTA2
ENSG00000100890,14,35590744,35591224,EED
ENSG00000109736,4,2937910,2938202,JUNB
ENSG00000181847,3,114051598,114051754,RUNX3
ENSG00000107779,10,88534815,88535135,IRF4
ENSG00000100889,14,24578032,24578442,KLF5
ENSG00000162066,16,2563824,2564408,ASH2L
ENSG00000175920,4,3512337,3512681,BCL3
ENSG00000164944,8,95487269,95487789,ATF2
ENSG00000125743,19,46220442,46220692,NRF1
ENSG00000228203,2,7005799,7006115,EBF1
ENSG00000254772,11,62379204,62379780,MLLT1
ENSG00000183011,17,7738462,7738846,SMAD1
ENSG00000090581,16,1392375,1392855,EED
ENSG00000187498,13,110790044,110790468,MXI1
ENSG00000198648,2,169051783,169052033,PAX5
ENSG00000196419,22,42078141,42078851,CREB1
ENSG00000101052,20,42285909,42286429,GATAD2B
ENSG00000169019,4,47487231,47487575,YY1
ENSG00000137857,15,45492841,45493217,WRNIP1
ENSG00000141127,17,18804240,18804458,BHLHE40
ENSG00000235568,22,42792403,42792947,IKZF2
ENSG00000137265,6,403285,403685,BHLHE40
ENSG00000136810,9,113017865,113018095,RUNX3
ENSG00000163297,4,80838291,80838607,ZNF384
ENSG00000182858,22,50311967,50312142,NR2C1
ENSG00000166888,12,57524867,57525187,EBF1
ENSG00000188051,19,17530520,17530944,MAX
ENSG00000168334,3,39189487,39189864,EBF1
ENSG00000139323,12,89918912,89919496,ASH2L
ENSG00000103024,16,1832820,1833110,IRF3
ENSG00000256164,12,4382782,4383066,JUND
ENSG00000214046,19,16699363,16699953,IKZF2
ENSG00000108829,17,48469015,48469425,CHD1
ENSG00000142798,1,22263872,22264208,TCF12
ENSG00000176018,5,89825347,89825587,BHLHE40
ENSG00000083223,9,88954314,88954624,PAX5
ENSG00000152147,2,38978653,38978989,ZBTB33
ENSG00000084463,12,14922071,14922481,CHD1
ENSG00000143344,1,183569296,183569660,RUNX3
ENSG00000099330,19,17346394,17346678,ZNF143
ENSG00000146648,7,55141640,55142006,ZNF687
ENSG00000176142,3,119218184,119218253,PAX5
ENSG00000128191,22,20134425,20134490,TCF12
ENSG00000149761,11,64007521,64007801,EP300
ENSG00000085872,19,16652632,16652996,STAT1
ENSG00000197646,9,5583634,5583998,E4F1
ENSG00000181027,19,47260625,47260865,EGR1
ENSG00000258366,20,62368631,62369067,TRIM22
ENSG00000196646,19,12273673,12274053,TBP
ENSG00000143603,1,154822107,154822363,TCF12
ENSG00000169499,8,38853823,38854114,RUNX3
ENSG00000008323,12,6387088,6387398,HSF1
ENSG00000186470,6,26322911,26323251,TARDBP
ENSG00000151948,12,129399339,129399947,IKZF1
ENSG00000111670,12,102248336,102248920,NBN
ENSG00000157350,16,70457382,70457658,SPI1
ENSG00000154309,1,222988213,222988643,BCLAF1
ENSG00000100412,22,41842768,41842940,PBX3
ENSG00000165733,10,43278094,43278266,SP1
ENSG00000120899,8,27228167,27228577,TBL1XR1
ENSG00000134070,3,10234639,10234829,RAD21
ENSG00000178104,1,145098699,145099209,SIN3A
ENSG00000181915,10,64576410,64576834,JUNB
ENSG00000099821,19,611759,612013,BHLHE40
ENSG00000004866,7,116594131,116594541,ZNF207
ENSG00000206573,3,9438659,9439067,YY1
ENSG00000143398,1,151148541,151148731,RAD21
ENSG00000089248,12,112451001,112451361,CREM
ENSG00000231564,1,179184311,179184627,EBF1
ENSG00000075213,7,84018584,84019008,JUNB
ENSG00000185442,15,93363522,93363946,MAZ
ENSG00000000457,1,169862877,169863545,YY1
ENSG00000115053,2,232329368,232329584,PBX3
ENSG00000247982,15,57598901,57599086,RAD21
ENSG00000123091,1,51750600,51751260,MTA3
ENSG00000135966,2,105953969,105954229,TCF12
ENSG00000143127,1,145516028,145516612,NBN
ENSG00000135334,6,88404228,88404512,ZNF592
ENSG00000100938,14,24740883,24741273,TBP
ENSG00000259746,15,91163699,91164019,EBF1
ENSG00000131401,19,50860511,50860851,TAF1
ENSG00000157870,1,2509867,2510159,NBN
ENSG00000183558,1,149785152,149785616,NFATC3
ENSG00000129083,11,14541900,14542029,SIX5
ENSG00000188938,9,96214415,96214665,CTCF
ENSG00000183161,11,22689998,22690328,MYB
ENSG00000171714,11,22215108,22215684,MEF2B
ENSG00000105722,19,42787560,42787904,BCL3
ENSG00000120733,5,137785661,137785981,IRF4
ENSG00000204310,6,32146096,32146303,RUNX3
ENSG00000181013,17,56595631,56596107,ARNT
ENSG00000105983,7,156573477,156573741,NBN
ENSG00000143919,2,44588822,44589232,ZNF207
ENSG00000110042,11,58912149,58912373,ETS1
ENSG00000104957,19,13884993,13885437,TRIM22
ENSG00000111670,12,102224825,102225135,E2F4
ENSG00000012048,17,41276987,41277623,IKZF1
ENSG00000111674,12,7052858,7053568,STAT5A
ENSG00000196757,19,12035747,12035981,SP1
ENSG00000130816,19,10355745,10356321,MLLT1
ENSG00000170855,12,120875794,120876116,YY1
ENSG00000168067,11,64616089,64616679,IKZF1
ENSG00000204532,19,56683171,56683595,ZNF143
ENSG00000187051,22,39928888,39929218,BHLHE40
ENSG00000229754,2,218945844,218946164,POU2F2
ENSG00000182944,22,29663715,29664067,YY1
ENSG00000146729,7,56019534,56019660,POU2F2
ENSG00000159374,2,74799428,74799615,NR2F1
ENSG00000204261,6,32812197,32812717,ATF2
ENSG00000111737,12,120557190,120557826,IKZF1
ENSG00000187239,9,132798309,132798685,STAT3
ENSG00000163659,3,156378984,156379260,SPI1
ENSG00000134986,5,111039339,111039643,TCF3
ENSG00000007516,16,1358775,1359031,TCF12
ENSG00000076201,3,47421928,47422424,NR2F1
ENSG00000176928,5,74340220,74340456,BATF
ENSG00000124701,6,41042100,41042500,WRNIP1
ENSG00000163468,1,156308405,156308924,IKZF1
ENSG00000137261,6,24646050,24646326,SPI1
ENSG00000115170,2,158604116,158604596,TBX21
ENSG00000174227,4,492823,493259,TRIM22
ENSG00000121210,4,154395208,154395608,WRNIP1
ENSG00000239900,22,40732266,40732786,GATAD2B
ENSG00000197183,20,31113905,31114495,IKZF2
ENSG00000187837,6,26046029,26046373,BCL3
ENSG00000126107,1,45480150,45480494,YY1
ENSG00000138496,3,122296431,122296831,BHLHE40
ENSG00000160013,19,47141595,47142071,ARNT
ENSG00000106144,7,142985204,142985514,E2F4
ENSG00000197405,19,47854812,47855148,RFX5
ENSG00000223452,1,155108287,155108384,YY1
ENSG00000054690,14,68066979,68067403,ZNF143
ENSG00000169499,8,38762840,38763210,RUNX3
ENSG00000248098,19,41945638,41946028,TBP
ENSG00000172687,19,21511938,21512574,IKZF1
ENSG00000129277,17,34459533,34459883,ARID3A
ENSG00000217128,5,130970783,130971087,PAX5
ENSG00000007516,16,1359006,1359326,NFYA
ENSG00000087191,17,61904790,61904966,RXRA
ENSG00000007541,16,640375,640575,IKZF1
ENSG00000146083,5,175964368,175964539,PKNOX1
ENSG00000198837,1,153939790,153940200,ZNF207
ENSG00000104763,8,17974219,17974475,SRF
ENSG00000226688,10,97518429,97518699,BCL11A
ENSG00000129673,17,74487882,74488246,RUNX3
ENSG00000025708,22,50979383,50979763,TBP
ENSG00000148154,9,114688883,114689126,TCF12
ENSG00000203791,10,126428624,126428994,RUNX3
ENSG00000184232,11,120120266,120120372,BHLHE40
ENSG00000104497,8,82754917,82755176,SIX5
ENSG00000203867,10,112538042,112538506,HDGF
ENSG00000166133,15,40886722,40886978,GABPA
ENSG00000101452,20,37590953,37591363,ZNF207
ENSG00000176973,11,65337828,65338081,FOXK2
ENSG00000213402,11,67236685,67237095,RB1
ENSG00000145220,4,4291953,4292389,TRIM22
ENSG00000162368,1,47816896,47817532,IKZF1
ENSG00000260518,16,33460148,33460608,ZNF217
ENSG00000135205,7,76822242,76822702,CBX5
ENSG00000185917,21,37442107,37442737,STAT5A
ENSG00000120949,1,12212139,12212519,TBP
ENSG00000079432,19,42772975,42773467,PBX3
ENSG00000182534,17,74722782,74723282,ZBED1
ENSG00000136758,10,27444306,27444590,ZNF143
ENSG00000125703,1,63266474,63266699,IKZF2
ENSG00000154319,8,11317821,11318225,MEF2B
ENSG00000185201,11,326950,327470,RELB
ENSG00000134970,5,114959811,114960435,MTA3
ENSG00000029725,17,5146319,5146663,BCL3
ENSG00000005379,17,56405625,56405787,ATF7
ENSG00000105877,7,21981487,21981851,RUNX3
ENSG00000248916,3,129032833,129033233,WRNIP1
ENSG00000116688,1,12112005,12112545,IKZF2
ENSG00000224043,2,135536002,135536252,CTCF
ENSG00000216439,6,86159826,86160406,DPF2
ENSG00000075415,12,99038818,99039298,EED
ENSG00000141627,18,46986769,46987109,NR2C1
